{
  "project_info": {
    "project_number": "70719602184",
    "firebase_url": "https://authdemo-72cde.firebaseio.com",
    "project_id": "authdemo-72cde",
    "storage_bucket": "authdemo-72cde.appspot.com"
  },
  "client": [
    {
      "client_info": {
        "mobilesdk_app_id": "1:70719602184:android:3ab116f563e9bd6d94dbbd",
        "android_client_info": {
          "package_name": "com.sahil.googleauth"
        }
      },
      "oauth_client": [
        {
          "client_id": "70719602184-n38morrm0627idnrtds70kua8ckdonio.apps.googleusercontent.com",
          "client_type": 1,
          "android_info": {
            "package_name": "com.sahil.googleauth",
            "certificate_hash": "de0c92b832b86d868105dc7f1850363204e45fbe"
          }
        },
        {
          "client_id": "70719602184-1upps13qcps3r6nrb848tdt8e63nkp8p.apps.googleusercontent.com",
          "client_type": 3
        }
      ],
      "api_key": [
        {
          "current_key": "AIzaSyCvXTF3M8CXMwivTM3W-7ouKmyLFIKOUqQ"
        }
      ],
      "services": {
        "appinvite_service": {
          "other_platform_oauth_client": [
            {
              "client_id": "70719602184-1upps13qcps3r6nrb848tdt8e63nkp8p.apps.googleusercontent.com",
              "client_type": 3
            }
          ]
        }
      }
    }
  ],
  "configuration_version": "1"
}